Workbook

Sheet Overview
B2: Google Maps Business Analysis — Jharkhand
B3: Find. Analyze. Recommend. — Digital Presence Opportunity Study
B6: Dataset | C6: jharkhand_new_1650.xlsx — Points of Interest (POI) across Jharkhand
B7: Total Records | C7: 1650 businesses
B8: Fields | C8: Business_Name, Category, City, Locality, Address, Lat/Long, Website, Phone, Rating, Hours, Parking, Delivery, Status
B9: Objective | C9: Identify local businesses without a website and highlight real digital-growth opportunities
B11: Sheet Guide
B12: Cleaned_Dataset | C12: Full cleaned dataset with Has_Website, Opportunity_Flag and Rating_Band fields added
B13: Dashboard | C13: Key metrics, charts and visual summary
B14: Category_Analysis | C14: Business count, average rating and website-gap % by category
B15: City_Analysis | C15: Business count, average rating and website-gap % by city
B16: Opportunity_Zones | C16: Localities with the highest concentration of no-website / high-opportunity businesses
B17: Top10_Opportunities | C17: Highest-rated businesses with no website — best-fit prospects for outreach
B18: Recommendations | C18: Actionable recommendations based on the analysis

Sheet Dashboard
B2: Business Digital-Presence Dashboard — Jharkhand
B4: Total Businesses | D4: With Website | F4: Without Website | H4: % Without Website | J4: Avg Rating (No Website) | L4: High-Opportunity Businesses
B5: =COUNTA(Cleaned_Dataset!A2:A1651) -> 1650 | D5: =COUNTIF(Cleaned_Dataset!O2:O1651,"Yes") -> 1620 | F5: =COUNTIF(Cleaned_Dataset!O2:O1651,"No") -> 30 | H5: =ROUND(COUNTIF(Cleaned_Dataset!O2:O1651,"No")/COUNTA(Cleaned_Dataset!A2:A1651)*100,1)&"%" -> 1.8% | J5: =ROUND(AVERAGEIF(Cleaned_Dataset!O2:O1651,"No",Cleaned_Dataset!J2:J1651),2) -> 3.9 | L5: =COUNTIF(Cleaned_Dataset!P2:P1651,"High Opportunity") -> 16
B9: Has Website | C9: =COUNTIF(Cleaned_Dataset!O2:O1651,"Yes") -> 1620
B10: No Website | C10: =COUNTIF(Cleaned_Dataset!O2:O1651,"No") -> 30

Sheet Cleaned_Dataset
A1: Business_Name | B1: Category | C1: City | D1: Locality | E1: Address | F1: Latitude | G1: Longitude | H1: Website | I1: Phone | J1: Rating | K1: Opening_Hours | L1: Parking | M1: Delivery | N1: Status | O1: Has_Website | P1: Opportunity_Flag | Q1: Rating_Band
A2: Bokaro College 1 | B2: College | C2: Bokaro | D2: Main Road | E2: Main Road, Bokaro, Jharkhand | F2: 24.174651 | G2: 84.179567 | H2: https://www.bokarocollege1.com | I2: +91-9249827706 | J2: 4.6 | K2: 7AM-9PM | L2: Limited | M2: No | N2: Open | O2: Yes | P2: Has Website | Q2: Excellent (4.5-5.0)
A3: Dhanbad Restaurant 2 | B3: Restaurant | C3: Dhanbad | D3: Market Area | E3: Market Area, Dhanbad, Jharkhand | F3: 22.647983 | G3: 85.608075 | H3: https://www.dhanbadrestaurant2.com | I3: +91-9702632297 | J3: 3.8 | K3: 9AM-8PM | L3: Yes | M3: No | N3: Open | O3: Yes | P3: Has Website | Q3: Good (3.5-3.9)
A4: Ranchi Jewelry 3 | B4: Jewelry | C4: Ranchi | D4: Upper Bazar | E4: Upper Bazar, Ranchi, Jharkhand | F4: 24.367458 | G4: 85.992558 | H4: https://www.ranchijewelry3.com | I4: +91-9465341213 | J4: 3.9 | K4: 7AM-9PM | L4: Yes | M4: No | N4: Open | O4: Yes | P4: Has Website | Q4: Good (3.5-3.9)
A5: Khunti Mobile Store 4 | B5: Mobile Store | C5: Khunti | D5: Harmu | E5: Harmu, Khunti, Jharkhand | F5: 22.743563 | G5: 83.373802 | H5: https://www.khuntimobilestore4.com | I5: +91-9593303705 | J5: 4.3 | K5: 24 Hours | L5: Limited | M5: No | N5: Open | O5: Yes | P5: Has Website | Q5: Very Good (4.0-4.4)
A6: Dhanbad Electronics 5 | B6: Electronics | C6: Dhanbad | D6: Main Road | E6: Main Road, Dhanbad, Jharkhand | F6: 23.93379 | G6: 86.292273 | H6: https://www.dhanbadelectronics5.com | I6: +91-9185675980 | J6: 4.8 | K6: 24 Hours | L6: No | M6: No | N6: Open | O6: Yes | P6: Has Website | Q6: Excellent (4.5-5.0)
A7: Khunti Mobile Store 6 | B7: Mobile Store | C7: Khunti | D7: Market Area | E7: Market Area, Khunti, Jharkhand | F7: 23.960526 | G7: 86.007281 | H7: https://www.khuntimobilestore6.com | I7: +91-9833953718 | J7: 4.5 | K7: 8AM-10PM | L7: Limited | M7: Yes | N7: Open | O7: Yes | P7: Has Website | Q7: Excellent (4.5-5.0)
A8: Godda Fuel Station 7 | B8: Fuel Station | C8: Godda | D8: Bus Stand | E8: Bus Stand, Godda, Jharkhand | F8: 24.91857 | G8: 85.759999 | H8: https://www.goddafuelstation7.com | I8: +91-9698020238 | J8: 3.8 | K8: 8AM-10PM | L8: Yes | M8: No | N8: Open | O8: Yes | P8: Has Website | Q8: Good (3.5-3.9)
A9: Dhanbad Jewelry 8 | B9: Jewelry | C9: Dhanbad | D9: Market Area | E9: Market Area, Dhanbad, Jharkhand | F9: 24.689408 | G9: 85.46872 | H9: https://www.dhanbadjewelry8.com | I9: +91-9870854579 | J9: 4 | K9: 9AM-8PM | L9: Limited | M9: No | N9: Open | O9: Yes | P9: Has Website | Q9: Very Good (4.0-4.4)
A10: Deoghar Jewelry 9 | B10: Jewelry | C10: Deoghar | D10: Market Area | E10: Market Area, Deoghar, Jharkhand | F10: 24.184967 | G10: 85.355909 | H10: https://www.deogharjewelry9.com | I10: +91-9902099969 | J10: 4.4 | K10: 24 Hours | L10: Yes | M10: Yes | N10: Open | O10: Yes | P10: Has Website | Q10: Very Good (4.0-4.4)
A11: Dhanbad Salon 10 | B11: Salon | C11: Dhanbad | D11: Upper Bazar | E11: Upper Bazar, Dhanbad, Jharkhand | F11: 22.091349 | G11: 83.638597 | H11: https://www.dhanbadsalon10.com | I11: +91-9773715057 | J11: 3.7 | K11: 7AM-9PM | L11: No | M11: No | N11: Open | O11: Yes | P11: Has Website | Q11: Good (3.5-3.9)
A12: Simdega Fuel Station 11 | B12: Fuel Station | C12: Simdega | D12: Bus Stand | E12: Bus Stand, Simdega, Jharkhand | F12: 24.863235 | G12: 86.643119 | H12: https://www.simdegafuelstation11.com | I12: +91-9112327652 | J12: 4.5 | K12: 24 Hours | L12: Limited | M12: No | N12: Open | O12: Yes | P12: Has Website | Q12: Excellent (4.5-5.0)
A13: Pakur Furniture 12 | B13: Furniture | C13: Pakur | D13: Civil Lines | E13: Civil Lines, Pakur, Jharkhand | F13: 23.311171 | G13: 87.015264 | H13: https://www.pakurfurniture12.com | I13: +91-9872751234 | J13: 3.9 | K13: 7AM-9PM | L13: Limited | M13: No | N13: Open | O13: Yes | P13: Has Website | Q13: Good (3.5-3.9)
... A1651: Big Bazaar - JD Hi Street Mall | B1651: Supermarket | C1651: Ranchi | D1651: Main Road | E1651: JD Hi Street Mall, Main Road, Ranchi, Jharkhand | F1651: 23.3441 | G1651: 85.3096 | H1651: http://www.jdhistreet.com | I1651: 1800-891-0001 | J1651: 3.8 | K1651: 8AM-10PM | L1651: Yes | M1651: Yes | N1651: Open | O1651: Yes | P1651: Has Website | Q1651: Good (3.5-3.9)

Sheet Category_Analysis
A1: Category | B1: Total_Businesses | C1: Avg_Rating | D1: No_Website_Count | E1: No_Website_Pct
A2: ATM | B2: =COUNTIF(Cleaned_Dataset!$B$2:$B$1651,A2) -> 65 | C2: =ROUND(AVERAGEIF(Cleaned_Dataset!$B$2:$B$1651,A2,Cleaned_Dataset!$J$2:$J$1651),2) -> 4.27 | D2: =COUNTIFS(Cleaned_Dataset!$B$2:$B$1651,A2,Cleaned_Dataset!$O$2:$O$1651,"No") -> 0 | E2: =ROUND(D2/B2*100,1) -> 0
A3: Bakery | B3: =COUNTIF(Cleaned_Dataset!$B$2:$B$1651,A3) -> 53 | C3: =ROUND(AVERAGEIF(Cleaned_Dataset!$B$2:$B$1651,A3,Cleaned_Dataset!$J$2:$J$1651),2) -> 4.25 | D3: =COUNTIFS(Cleaned_Dataset!$B$2:$B$1651,A3,Cleaned_Dataset!$O$2:$O$1651,"No") -> 2 | E3: =ROUND(D3/B3*100,1) -> 3.8
A4: Bank | B4: =COUNTIF(Cleaned_Dataset!$B$2:$B$1651,A4) -> 90 | C4: =ROUND(AVERAGEIF(Cleaned_Dataset!$B$2:$B$1651,A4,Cleaned_Dataset!$J$2:$J$1651),2) -> 4.13 | D4: =COUNTIFS(Cleaned_Dataset!$B$2:$B$1651,A4,Cleaned_Dataset!$O$2:$O$1651,"No") -> 0 | E4: =ROUND(D4/B4*100,1) -> 0
A5: Cafe | B5: =COUNTIF(Cleaned_Dataset!$B$2:$B$1651,A5) -> 83 | C5: =ROUND(AVERAGEIF(Cleaned_Dataset!$B$2:$B$1651,A5,Cleaned_Dataset!$J$2:$J$1651),2) -> 4.3 | D5: =COUNTIFS(Cleaned_Dataset!$B$2:$B$1651,A5,Cleaned_Dataset!$O$2:$O$1651,"No") -> 5 | E5: =ROUND(D5/B5*100,1) -> 6
A6: Clinic | B6: =COUNTIF(Cleaned_Dataset!$B$2:$B$1651,A6) -> 73 | C6: =ROUND(AVERAGEIF(Cleaned_Dataset!$B$2:$B$1651,A6,Cleaned_Dataset!$J$2:$J$1651),2) -> 4.18 | D6: =COUNTIFS(Cleaned_Dataset!$B$2:$B$1651,A6,Cleaned_Dataset!$O$2:$O$1651,"No") -> 0 | E6: =ROUND(D6/B6*100,1) -> 0
A7: Clothing | B7: =COUNTIF(Cleaned_Dataset!$B$2:$B$1651,A7) -> 60 | C7: =ROUND(AVERAGEIF(Cleaned_Dataset!$B$2:$B$1651,A7,Cleaned_Dataset!$J$2:$J$1651),2) -> 4.29 | D7: =COUNTIFS(Cleaned_Dataset!$B$2:$B$1651,A7,Cleaned_Dataset!$O$2:$O$1651,"No") -> 0 | E7: =ROUND(D7/B7*100,1) -> 0
A8: College | B8: =COUNTIF(Cleaned_Dataset!$B$2:$B$1651,A8) -> 87 | C8: =ROUND(AVERAGEIF(Cleaned_Dataset!$B$2:$B$1651,A8,Cleaned_Dataset!$J$2:$J$1651),2) -> 4.14 | D8: =COUNTIFS(Cleaned_Dataset!$B$2:$B$1651,A8,Cleaned_Dataset!$O$2:$O$1651,"No") -> 1 | E8: =ROUND(D8/B8*100,1) -> 1.1
A9: Electronics | B9: =COUNTIF(Cleaned_Dataset!$B$2:$B$1651,A9) -> 73 | C9: =ROUND(AVERAGEIF(Cleaned_Dataset!$B$2:$B$1651,A9,Cleaned_Dataset!$J$2:$J$1651),2) -> 4.29 | D9: =COUNTIFS(Cleaned_Dataset!$B$2:$B$1651,A9,Cleaned_Dataset!$O$2:$O$1651,"No") -> 0 | E9: =ROUND(D9/B9*100,1) -> 0
A10: Fuel Station | B10: =COUNTIF(Cleaned_Dataset!$B$2:$B$1651,A10) -> 59 | C10: =ROUND(AVERAGEIF(Cleaned_Dataset!$B$2:$B$1651,A10,Cleaned_Dataset!$J$2:$J$1651),2) -> 4.22 | D10: =COUNTIFS(Cleaned_Dataset!$B$2:$B$1651,A10,Cleaned_Dataset!$O$2:$O$1651,"No") -> 0 | E10: =ROUND(D10/B10*100,1) -> 0
A11: Furniture | B11: =COUNTIF(Cleaned_Dataset!$B$2:$B$1651,A11) -> 76 | C11: =ROUND(AVERAGEIF(Cleaned_Dataset!$B$2:$B$1651,A11,Cleaned_Dataset!$J$2:$J$1651),2) -> 4.31 | D11: =COUNTIFS(Cleaned_Dataset!$B$2:$B$1651,A11,Cleaned_Dataset!$O$2:$O$1651,"No") -> 0 | E11: =ROUND(D11/B11*100,1) -> 0
A12: Grocery Store | B12: =COUNTIF(Cleaned_Dataset!$B$2:$B$1651,A12) -> 81 | C12: =ROUND(AVERAGEIF(Cleaned_Dataset!$B$2:$B$1651,A12,Cleaned_Dataset!$J$2:$J$1651),2) -> 4.21 | D12: =COUNTIFS(Cleaned_Dataset!$B$2:$B$1651,A12,Cleaned_Dataset!$O$2:$O$1651,"No") -> 0 | E12: =ROUND(D12/B12*100,1) -> 0
A13: Gym | B13: =COUNTIF(Cleaned_Dataset!$B$2:$B$1651,A13) -> 63 | C13: =ROUND(AVERAGEIF(Cleaned_Dataset!$B$2:$B$1651,A13,Cleaned_Dataset!$J$2:$J$1651),2) -> 4.25 | D13: =COUNTIFS(Cleaned_Dataset!$B$2:$B$1651,A13,Cleaned_Dataset!$O$2:$O$1651,"No") -> 0 | E13: =ROUND(D13/B13*100,1) -> 0
... A24: Supermarket | B24: =COUNTIF(Cleaned_Dataset!$B$2:$B$1651,A24) -> 86 | C24: =ROUND(AVERAGEIF(Cleaned_Dataset!$B$2:$B$1651,A24,Cleaned_Dataset!$J$2:$J$1651),2) -> 4.27 | D24: =COUNTIFS(Cleaned_Dataset!$B$2:$B$1651,A24,Cleaned_Dataset!$O$2:$O$1651,"No") -> 0 | E24: =ROUND(D24/B24*100,1) -> 0

Sheet City_Analysis
A1: City | B1: Total_Businesses | C1: Avg_Rating | D1: No_Website_Count | E1: No_Website_Pct
A2: Bokaro | B2: =COUNTIF(Cleaned_Dataset!$C$2:$C$1651,A2) -> 84 | C2: =ROUND(AVERAGEIF(Cleaned_Dataset!$C$2:$C$1651,A2,Cleaned_Dataset!$J$2:$J$1651),2) -> 4.26 | D2: =COUNTIFS(Cleaned_Dataset!$C$2:$C$1651,A2,Cleaned_Dataset!$O$2:$O$1651,"No") -> 3 | E2: =ROUND(D2/B2*100,1) -> 3.6
A3: Chaibasa | B3: =COUNTIF(Cleaned_Dataset!$C$2:$C$1651,A3) -> 69 | C3: =ROUND(AVERAGEIF(Cleaned_Dataset!$C$2:$C$1651,A3,Cleaned_Dataset!$J$2:$J$1651),2) -> 4.27 | D3: =COUNTIFS(Cleaned_Dataset!$C$2:$C$1651,A3,Cleaned_Dataset!$O$2:$O$1651,"No") -> 0 | E3: =ROUND(D3/B3*100,1) -> 0
A4: Chatra | B4: =COUNTIF(Cleaned_Dataset!$C$2:$C$1651,A4) -> 56 | C4: =ROUND(AVERAGEIF(Cleaned_Dataset!$C$2:$C$1651,A4,Cleaned_Dataset!$J$2:$J$1651),2) -> 4.3 | D4: =COUNTIFS(Cleaned_Dataset!$C$2:$C$1651,A4,Cleaned_Dataset!$O$2:$O$1651,"No") -> 0 | E4: =ROUND(D4/B4*100,1) -> 0
A5: Deoghar | B5: =COUNTIF(Cleaned_Dataset!$C$2:$C$1651,A5) -> 89 | C5: =ROUND(AVERAGEIF(Cleaned_Dataset!$C$2:$C$1651,A5,Cleaned_Dataset!$J$2:$J$1651),2) -> 4.18 | D5: =COUNTIFS(Cleaned_Dataset!$C$2:$C$1651,A5,Cleaned_Dataset!$O$2:$O$1651,"No") -> 0 | E5: =ROUND(D5/B5*100,1) -> 0
A6: Dhanbad | B6: =COUNTIF(Cleaned_Dataset!$C$2:$C$1651,A6) -> 100 | C6: =ROUND(AVERAGEIF(Cleaned_Dataset!$C$2:$C$1651,A6,Cleaned_Dataset!$J$2:$J$1651),2) -> 4.14 | D6: =COUNTIFS(Cleaned_Dataset!$C$2:$C$1651,A6,Cleaned_Dataset!$O$2:$O$1651,"No") -> 11 | E6: =ROUND(D6/B6*100,1) -> 11
A7: Dumka | B7: =COUNTIF(Cleaned_Dataset!$C$2:$C$1651,A7) -> 92 | C7: =ROUND(AVERAGEIF(Cleaned_Dataset!$C$2:$C$1651,A7,Cleaned_Dataset!$J$2:$J$1651),2) -> 4.22 | D7: =COUNTIFS(Cleaned_Dataset!$C$2:$C$1651,A7,Cleaned_Dataset!$O$2:$O$1651,"No") -> 0 | E7: =ROUND(D7/B7*100,1) -> 0
A8: Giridih | B8: =COUNTIF(Cleaned_Dataset!$C$2:$C$1651,A8) -> 68 | C8: =ROUND(AVERAGEIF(Cleaned_Dataset!$C$2:$C$1651,A8,Cleaned_Dataset!$J$2:$J$1651),2) -> 4.27 | D8: =COUNTIFS(Cleaned_Dataset!$C$2:$C$1651,A8,Cleaned_Dataset!$O$2:$O$1651,"No") -> 0 | E8: =ROUND(D8/B8*100,1) -> 0
A9: Godda | B9: =COUNTIF(Cleaned_Dataset!$C$2:$C$1651,A9) -> 64 | C9: =ROUND(AVERAGEIF(Cleaned_Dataset!$C$2:$C$1651,A9,Cleaned_Dataset!$J$2:$J$1651),2) -> 4.18 | D9: =COUNTIFS(Cleaned_Dataset!$C$2:$C$1651,A9,Cleaned_Dataset!$O$2:$O$1651,"No") -> 0 | E9: =ROUND(D9/B9*100,1) -> 0
A10: Gumla | B10: =COUNTIF(Cleaned_Dataset!$C$2:$C$1651,A10) -> 61 | C10: =ROUND(AVERAGEIF(Cleaned_Dataset!$C$2:$C$1651,A10,Cleaned_Dataset!$J$2:$J$1651),2) -> 4.24 | D10: =COUNTIFS(Cleaned_Dataset!$C$2:$C$1651,A10,Cleaned_Dataset!$O$2:$O$1651,"No") -> 0 | E10: =ROUND(D10/B10*100,1) -> 0
A11: Hazaribagh | B11: =COUNTIF(Cleaned_Dataset!$C$2:$C$1651,A11) -> 86 | C11: =ROUND(AVERAGEIF(Cleaned_Dataset!$C$2:$C$1651,A11,Cleaned_Dataset!$J$2:$J$1651),2) -> 4.17 | D11: =COUNTIFS(Cleaned_Dataset!$C$2:$C$1651,A11,Cleaned_Dataset!$O$2:$O$1651,"No") -> 1 | E11: =ROUND(D11/B11*100,1) -> 1.2
A12: Jamshedpur | B12: =COUNTIF(Cleaned_Dataset!$C$2:$C$1651,A12) -> 114 | C12: =ROUND(AVERAGEIF(Cleaned_Dataset!$C$2:$C$1651,A12,Cleaned_Dataset!$J$2:$J$1651),2) -> 4.14 | D12: =COUNTIFS(Cleaned_Dataset!$C$2:$C$1651,A12,Cleaned_Dataset!$O$2:$O$1651,"No") -> 14 | E12: =ROUND(D12/B12*100,1) -> 12.3
A13: Khunti | B13: =COUNTIF(Cleaned_Dataset!$C$2:$C$1651,A13) -> 80 | C13: =ROUND(AVERAGEIF(Cleaned_Dataset!$C$2:$C$1651,A13,Cleaned_Dataset!$J$2:$J$1651),2) -> 4.33 | D13: =COUNTIFS(Cleaned_Dataset!$C$2:$C$1651,A13,Cleaned_Dataset!$O$2:$O$1651,"No") -> 0 | E13: =ROUND(D13/B13*100,1) -> 0
... A22: Simdega | B22: =COUNTIF(Cleaned_Dataset!$C$2:$C$1651,A22) -> 63 | C22: =ROUND(AVERAGEIF(Cleaned_Dataset!$C$2:$C$1651,A22,Cleaned_Dataset!$J$2:$J$1651),2) -> 4.18 | D22: =COUNTIFS(Cleaned_Dataset!$C$2:$C$1651,A22,Cleaned_Dataset!$O$2:$O$1651,"No") -> 0 | E22: =ROUND(D22/B22*100,1) -> 0

Sheet Opportunity_Zones
A1: City | B1: Locality | C1: Total_Businesses | D1: No_Website_Count | E1: High_Opportunity_Count | G1: Note: shows only localities that contain at least one business without a website.
A2: Jamshedpur | B2: Jamshedpur | C2: 27 | D2: 6 | E2: 6
A3: Jamshedpur | B3: Bistupur | C3: 15 | D3: 4 | E3: 4
A4: Dhanbad | B4: Dhanbad | C4: 15 | D4: 7 | E4: 1
A5: Jamshedpur | B5: Sakchi | C5: 9 | D5: 3 | E5: 1
A6: Dhanbad | B6: Bank More | C6: 5 | D6: 2 | E6: 1
A7: Bokaro | B7: Chira Chas | C7: 1 | D7: 1 | E7: 1
A8: Jamshedpur | B8: Near Airport | C8: 1 | D8: 1 | E8: 1
A9: Ranchi | B9: Ranchi | C9: 18 | D9: 1 | E9: 1
A10: Bokaro | B10: Bokaro | C10: 6 | D10: 1 | E10: 0
A11: Bokaro | B11: Sector 4 | C11: 1 | D11: 1 | E11: 0
A12: Dhanbad | B12: Govindpur | C12: 2 | D12: 1 | E12: 0
A13: Dhanbad | B13: Hirapur | C13: 1 | D13: 1 | E13: 0
A14: Hazaribagh | B14: Demotand | C14: 1 | D14: 1 | E14: 0

Sheet Top10_Opportunities
A1: Business_Name | B1: Category | C1: City | D1: Locality | E1: Rating | F1: Parking | G1: Delivery | H1: Phone | I1: Address
A2: Bombay Brew Cafe | B2: Cafe | C2: Jamshedpur | D2: Near Airport | E2: 4.6 | F2: Limited | G2: Yes | H2: Not Available | I2: Near Airport, Jamshedpur, Jharkhand
A3: Brubeck Bakery | B3: Bakery | C3: Jamshedpur | D3: Bistupur | E3: 4.5 | F3: Limited | G3: Yes | H3: Not Available | I3: Dcosta Mansion, Main Road, Bistupur, Jamshedpur, Jharkhand
A4: Chanoya Cafe | B4: Cafe | C4: Jamshedpur | D4: Jamshedpur | E4: 4.4 | F4: Limited | G4: Yes | H4: Not Available | I4: Jamshedpur, Jharkhand
A5: Caramel Patisserie | B5: Bakery | C5: Jamshedpur | D5: Jamshedpur | E5: 4.3 | F5: Limited | G5: Yes | H5: Not Available | I5: Jamshedpur, Jharkhand
A6: 28 Downtown Cafe | B6: Cafe | C6: Jamshedpur | D6: Sakchi | E6: 4.2 | F6: Limited | G6: Yes | H6: -9835111695 | I6: 101, Alison's Apartment, Thakur Bari Rd, Ambagan, Sakchi, Jamshedpur, Jharkhand 831001
A7: Cafe Regal | B7: Restaurant | C7: Jamshedpur | D7: Bistupur | E7: 4.2 | F7: Limited | G7: Yes | H7: Not Available | I7: Bistupur, Jamshedpur, Jharkhand 831001
A8: Bokaro Mall | B8: Shopping Mall | C8: Bokaro | D8: Chira Chas | E8: 4.2 | F8: Yes | G8: No | H8: Not Available | I8: Omkar Sadan, Main Rd, Chira Chas, Bokaro Steel City, Jharkhand
A9: Pool Cafe | B9: Cafe | C9: Jamshedpur | D9: Jamshedpur | E9: 4.1 | F9: Limited | G9: Yes | H9: Not Available | I9: Jamshedpur, Jharkhand
A10: Equinox Restaurant | B10: Restaurant | C10: Jamshedpur | D10: Jamshedpur | E10: 4.1 | F10: Limited | G10: Yes | H10: Not Available | I10: Jamshedpur, Jharkhand
A11: South Indian Cafe | B11: Cafe | C11: Jamshedpur | D11: Bistupur | E11: 4.1 | F11: Limited | G11: Yes | H11: Not Available | I11: No. 94, Om Plaza Contractors Area, Road No. 2, Bistupur, Jamshedpur, Jharkhand 831001

Sheet Recommendations
B2: Final Recommendations — Digital Growth Opportunities
B4: 1. Prioritize Restaurants & Cafes for outreach
B5: Restaurants (8.9%) and Cafes (6.0%) have the highest share of businesses without a website, concentrated mainly in Jamshedpur. These food & beverage outlets benefit the most from an online presence (menus, reviews, online ordering) — they should be the first outreach segment.
B7: 2. Focus outreach in Jamshedpur and Dhanbad
B8: Jamshedpur (14 businesses, 12.3%) and Dhanbad (11 businesses, 11.0%) account for the large majority of no-website businesses in the dataset. A city-level digital-adoption campaign in these two cities would have the highest impact.
B10: 3. Target the 16 'High Opportunity' businesses first
B11: 16 businesses combine a strong rating (4.0+) with no website — these are already trusted by customers but invisible online. They are the fastest, highest-ROI conversions for a website/Google Business Profile package.
B13: 4. Bundle delivery & parking info into the website pitch
B14: 50% of no-website businesses already offer parking and 47% already offer delivery. A simple website or Google Business listing highlighting these amenities can immediately improve discoverability without requiring the business to change its operations.
B16: 5. Use low-cost, fast-turnaround solutions
B17: Given most target businesses are small cafes, restaurants and local shops, recommend a Google Business Profile setup + single-page mobile-friendly website (menu, hours, contact, map) rather than a full custom website — faster adoption, lower cost, immediate visibility gain.
B19: 6. Categories with 0% website gap need no intervention
... B23: Businesses without websites average a 3.90 rating vs. 4.23 for those with websites. Ensuring quality of service (not just going online) will help these businesses fully capture the benefit of a stronger online presence.
